Muscle,Force Level,ISI mean,ISI SD,ISI CV,FR mean,subject_id,extra,MU_ID
FDI,15,96.98510263480392,12.629434997586433,0.1302203601840006,10.310861903868744,P1,ramp1,0
FDI,15,87.65037334070796,15.08652502022442,0.172121628753151,11.408964524462148,P1,ramp1,1
FDI,15,76.45273134689923,11.90100412464929,0.1556648652701401,13.079977423730828,P1,ramp1,2
FDI,15,79.85997353830645,15.95950994508737,0.1998436668330734,12.521917497509936,P1,ramp1,3
FDI,15,63.18359375,12.44344407068325,0.1969410622624366,15.826893353941264,P1,ramp1,4
FDI,15,75.63439289122137,8.656039400265522,0.1144458105549254,13.221498339230626,P1,ramp1,5
FDI,15,63.96359174679487,8.350424424497033,0.1305496485805999,15.63389379318444,P1,ramp1,6
FDI,15,81.68985666322314,9.820355455699168,0.1202151142972968,12.241421895531383,P1,ramp1,7
FDI,15,83.73195842161017,10.160810170553129,0.12134924779128,11.9428712626637,P1,ramp1,8
FDI,15,75.51959088740458,10.820981423114189,0.1432870768493391,13.24159715709985,P1,ramp1,9
FDI,15,102.02840169270831,19.103532546596725,0.1872373988973503,9.801192446509402,P1,ramp1,10
FDI,15,71.86929744525547,19.327060400846864,0.2689195677134418,13.91414742521622,P1,ramp1,11
FDI,15,131.63151041666666,38.882629894031126,0.2953899850495673,7.596965170684419,P1,ramp1,12
FDI,15,85.16710069444444,16.285780805650965,0.1912215007069426,11.74162313670531,P1,ramp1,13
FDI,15,99.83132102272728,15.074259728928505,0.1509972979872393,10.016896398399288,P1,ramp2,0
FDI,15,93.47822081367924,18.00222625648096,0.192582037824222,10.697679002611736,P1,ramp2,1
FDI,15,83.97609904661017,13.82294752959143,0.1646057352809294,11.908150192175029,P1,ramp2,2
FDI,15,81.59499871926229,15.072038835681616,0.1847176796648877,12.255653112277432,P1,ramp2,3
FDI,15,77.20672843992249,17.764193968646868,0.230086086117091,12.95223901085432,P1,ramp2,4
FDI,15,81.97959710743801,9.702506588832827,0.1183526991004511,12.198157044971255,P1,ramp2,5
FDI,15,71.8360790307971,11.076001785364658,0.1541843866591915,13.920581600386164,P1,ramp2,6
FDI,15,88.9991554054054,13.310173639920352,0.149553932049022,11.236061684460262,P1,ramp2,7
FDI,15,90.33203125,12.959819479404576,0.143468704290922,11.07027027027027,P1,ramp2,8
FDI,15,77.47268676757812,12.784850753808549,0.1650239753806877,12.907774878132848,P1,ramp2,9
FDI,15,119.4347703313253,34.46790061648282,0.288591844074092,8.372771155551177,P1,ramp2,10
FDI,15,120.23628048780488,22.432366928958277,0.1865690358845848,8.316957210776545,P1,ramp2,12
FDI,15,93.33634286556604,21.876945365037283,0.2343882853493309,10.71394024340891,P1,ramp2,13
FDI,15,69.37418050699301,8.062742642290816,0.1162210866257091,14.414584686866297,P1,ramp3,0
FDI,15,62.777613993710695,8.418483377681774,0.1341000850800919,15.929245098422886,P1,ramp3,1
FDI,15,115.73759191176472,23.781746061020318,0.205479876228554,8.640235065218684,P1,ramp3,2
FDI,15,83.27534138655462,10.49667422558862,0.1260478078002017,12.008356655760966,P1,ramp3,3
FDI,15,65.27035361842105,11.624485513330832,0.1780974802325889,15.320891408772344,P1,ramp3,4
FDI,15,57.4907424132948,8.439027203873737,0.1467893238046305,17.39410482493176,P1,ramp3,5
FDI,15,72.00379302536231,6.812915252711,0.0946188383480193,13.888157248157247,P1,ramp3,6
FDI,15,79.41422001008064,9.552058307745,0.1202814597503128,12.592203258724474,P1,ramp3,7
FDI,15,83.89830508474576,12.178523533077591,0.145158159283147,11.919191919191922,P1,ramp3,8
FDI,15,66.23111979166667,9.19688149282834,0.1388604257599387,15.0986424983535,P1,ramp3,9
FDI,15,61.73452057453416,7.750331722521295,0.1255429158660762,16.19839257992886,P1,ramp3,10
FDI,15,75.11023319128788,10.06900974228451,0.1340564303220992,13.313765082491996,P1,ramp3,12
FDI,15,76.79311899038461,8.67040962192544,0.1129060746056046,13.022000058692909,P1,ramp3,13
FDI,15,67.58078231292517,10.965306393332034,0.1622548011142934,14.797106008178671,P1,ramp3,14
FDI,15,91.4985306766055,13.923344797639915,0.1521701462819212,10.929137250678076,P1,ramp3,15
FDI,15,71.69654901079137,10.168972509248542,0.1418335003504557,13.94767270945615,P1,ramp4,0
FDI,15,68.07443279109589,7.626287209132579,0.1120286559351265,14.689802896614063,P1,ramp4,1
FDI,15,107.43673573369566,17.041258909262343,0.158616685371963,9.307803268322562,P1,ramp4,2
FDI,15,83.8202468487395,9.260043358174556,0.1104750189400547,11.930291756412768,P1,ramp4,3
FDI,15,67.50106292517007,11.212122023982552,0.1661028958375369,14.814581529013456,P1,ramp4,4
FDI,15,61.49917507763975,7.946685695275304,0.1292161347732387,16.260380708156625,P1,ramp4,5
FDI,15,74.10578941231343,7.814985566314026,0.105457152920032,13.494222353346116,P1,ramp4,6
FDI,15,82.71402994791667,10.519960843718376,0.1271847212660606,12.089847401096034,P1,ramp4,7
FDI,15,87.35221930309734,10.217570504229997,0.1169697872102913,11.447906051821873,P1,ramp4,8
FDI,15,71.19907924107143,8.87203438472016,0.1246088359468881,14.045125451891332,P1,ramp4,9
FDI,15,65.06906147875817,6.681732222139448,0.1026867772531297,15.368286821325224,P1,ramp4,10
FDI,15,80.36400579637096,12.513980480632256,0.1557162358524113,12.443381711631368,P1,ramp4,12
FDI,15,79.37734375,10.573378240012048,0.133203981646363,12.598053207090338,P1,ramp4,13
FDI,15,69.07755533854167,12.759514343898791,0.1847128822287613,14.47648219597679,P1,ramp4,14
FDI,15,92.30595341435183,10.124282831989731,0.1096817968668053,10.833537415632382,P1,ramp4,15
FDI,15,69.70129479895105,10.65333366586516,0.1528426939068208,14.346935776221034,P2,ramp1,0
FDI,15,96.63702214805824,33.25008019544345,0.3440718624845535,10.348000981113564,P2,ramp1,1
FDI,15,105.2256482712766,30.60349253839311,0.2908368163196855,9.503386450249788,P2,ramp1,2
FDI,15,80.06158644153226,20.033647880855643,0.2502279653861956,12.490384520799926,P2,ramp1,3
FDI,15,83.7907037815126,13.13253328572066,0.1567301943180264,11.934498158740109,P2,ramp1,4
FDI,15,80.93877032520325,16.141909169717497,0.1994335854728339,12.355018441497291,P2,ramp1,5
FDI,15,86.31114130434783,20.376688372576798,0.2360841029864859,11.585989767807948,P2,ramp1,6
FDI,15,84.06051377118644,23.130163568724605,0.2751608636569262,11.896191863899496,P2,ramp1,7
FDI,15,90.6814435206422,14.641933437296368,0.1614655972471739,11.027614484019168,P2,ramp1,8
FDI,15,78.36183562992126,9.70945465146306,0.1239054008040063,12.76131412646701,P2,ramp1,9
FDI,15,82.46626420454545,15.926404094828303,0.193126295321505,12.126170739584454,P2,ramp1,10
FDI,15,75.51121567234848,11.12046528665114,0.1472690538436577,13.2430658293082,P2,ramp1,11
FDI,15,67.35225340136054,12.660858655643572,0.1879797336578469,14.847313185512506,P2,ramp1,12
FDI,15,69.12286931818181,19.364521485623715,0.2801463781326297,14.466992036989469,P2,ramp1,13
FDI,15,79.06668526785714,22.71862193255348,0.2873349484120747,12.647551830613146,P2,ramp1,14
FDI,15,74.7758986632948,12.36531636204076,0.1653649983896551,13.373292971079584,P2,ramp2,0
FDI,15,119.70847800925924,33.47947427634193,0.2796750475246402,8.353627216968304,P2,ramp2,1
FDI,15,118.36295871559636,40.95845738735386,0.3460411756499703,8.448589075935567,P2,ramp2,2
FDI,15,94.64672673357664,22.3813797758103,0.2364728348061331,10.565605747940168,P2,ramp2,3
FDI,15,91.35604643485912,14.304726331913177,0.1565821518131596,10.946182973373784,P2,ramp2,4
FDI,15,91.3629236355634,19.74969446517285,0.2161674963900257,10.9453590166279,P2,ramp2,5
FDI,15,94.77395450367648,20.320027962061182,0.2144051925286385,10.55142212052793,P2,ramp2,6
FDI,15,97.96105587121212,31.15860488541156,0.3180713458864234,10.208138235205263,P2,ramp2,7
FDI,15,99.49744591346152,16.88472475933149,0.1697000822917311,10.050509244928309,P2,ramp2,8
FDI,15,86.79871015100673,13.495803903023353,0.1554839222788476,11.520908528021504,P2,ramp2,9
FDI,15,89.78474934895833,17.480654618075842,0.1946951430485744,11.13774897464367,P2,ramp2,10
FDI,15,81.79576246044304,15.75014237209194,0.1925545028045775,12.225572204716672,P2,ramp2,11
FDI,15,73.99776785714283,14.00128074280299,0.1892122039388175,13.513921148683297,P2,ramp2,12
FDI,15,74.89331195809248,17.47428328881985,0.2333223465747891,13.35232711513096,P2,ramp2,13
FDI,15,88.54411922089044,22.851805891202265,0.2580838354063245,11.29380481503584,P2,ramp2,14
FDI,15,80.3830030487805,14.519753593025984,0.1806321366746482,12.440440915017186,P2,ramp3,0
FDI,15,61.983642578125,11.581884006531736,0.1868538782943222,16.133288693699903,P2,ramp3,1
FDI,15,68.44827586206897,10.98679178492915,0.1605123233062697,14.6095717884131,P2,ramp3,2
FDI,15,72.13945597627738,8.84997561943573,0.1226787130519253,13.862039662855842,P2,ramp3,3
FDI,15,65.23630242598684,9.86533629557474,0.1512246391764364,15.328888407409956,P2,ramp3,4
FDI,15,70.35267065602837,10.855078924494128,0.1542951933916951,14.214101478666642,P2,ramp3,5
FDI,15,65.44639185855263,11.36401061276988,0.1736384587454505,15.279681149745745,P2,ramp3,7
FDI,15,73.23929398148148,10.672315191635729,0.1457184335274206,13.653872745589949,P2,ramp3,8
FDI,15,83.62602621822033,16.363945591659917,0.1956800571745278,11.95799974269399,P2,ramp3,9
FDI,15,79.415625,11.27286565731964,0.1419477043380271,12.591980482430252,P2,ramp3,10
FDI,15,73.20746527777777,13.667889391630306,0.1867007598168982,13.659809094681918,P2,ramp3,11
FDI,15,111.1971768465909,37.27452065573369,0.335211034243775,8.993034071176224,P2,ramp3,12
FDI,15,93.14932193396228,32.84043637536431,0.3525569021172947,10.735451200696286,P2,ramp3,13
FDI,15,90.07279829545456,26.013318204893796,0.2888032646611639,11.102130931025648,P2,ramp3,14
FDI,15,74.93071933962264,18.017937632282703,0.2404612926591109,13.345661283024803,P2,ramp4,0
FDI,15,59.47877798507463,12.134077099757553,0.2040068325344954,16.812719324040856,P2,ramp4,1
FDI,15,66.08556798986487,14.035103081749815,0.2123777325164594,15.131896878806636,P2,ramp4,2
FDI,15,71.11946730427046,12.171889305218992,0.1711470820379459,14.060847724318569,P2,ramp4,3
FDI,15,64.45786559466019,12.452956357083169,0.1931952949759911,15.514010443480178,P2,ramp4,4
FDI,15,68.79122512975779,12.910657143916662,0.1876788372290778,14.536737761447704,P2,ramp4,5
FDI,15,65.66740337171052,14.17337505478912,0.2158357773728419,15.228255552294296,P2,ramp4,7
FDI,15,71.22348312043796,13.707179902792298,0.1924530969597996,14.0403130567065,P2,ramp4,8
FDI,15,75.16841096698113,15.176186682369956,0.2018958028663972,13.303460684292832,P2,ramp4,9
FDI,15,80.39813081095042,20.08103251588725,0.2497698928238288,12.438100113936946,P2,ramp4,10
FDI,15,72.99270341981132,18.33688866010564,0.2512153653858055,13.699999495135636,P2,ramp4,11
FDI,15,86.78282310520362,25.47852554770657,0.2935894988898885,11.523017622827696,P2,ramp4,12
FDI,15,79.82671210106383,23.24713663518545,0.2912200192556301,12.527135011322525,P2,ramp4,14
FDI,15,99.91714015151516,31.271135193183447,0.3129706789622246,10.008292856296649,P3,ramp1,0
FDI,15,106.16494455645162,28.183123199595983,0.2654654351051823,9.4193050651316,P3,ramp1,1
FDI,15,99.78989109848484,22.711900880776824,0.2275972108072745,10.021055128851458,P3,ramp1,2
FDI,15,93.40912441037736,29.51934457686062,0.3160220670431758,10.705592267481997,P3,ramp1,3
FDI,15,115.07539970930232,27.920543218907834,0.2426282532099762,8.689954608249458,P3,ramp1,4
FDI,15,84.34520656779661,18.04697738427957,0.2139656551765443,11.856038306055968,P3,ramp1,6
FDI,15,89.65371621621621,27.258373071231016,0.3040406379306408,11.154027319830426,P3,ramp1,7
FDI,15,95.0786884014423,28.357406795697003,0.2982519770988641,10.517604068934869,P3,ramp1,8
FDI,15,111.76812675561796,29.60552276929445,0.2648834120126858,8.947094570051345,P3,ramp1,9
FDI,15,92.24408586448598,19.82627468632965,0.2149327460999077,10.84080340358168,P3,ramp1,10
FDI,15,100.37878787878788,22.353293525505038,0.2226894147446539,9.962264150943394,P3,ramp1,11
FDI,15,113.26329022988506,39.85467117651189,0.3518763325312268,8.82898596685959,P3,ramp1,13
FDI,15,119.13474209337348,38.850999898896745,0.3261097410900234,8.393857093476866,P3,ramp1,14
FDI,15,145.13176305970148,56.31859512074942,0.3880514777291183,6.890290443096451,P3,ramp1,15
FDI,15,110.0050636574074,39.73982024649561,0.3612544634332353,9.090490626089128,P3,ramp2,0
FDI,15,123.60270182291669,52.12815542415078,0.4217396113139487,8.090438034539744,P3,ramp2,1
FDI,15,112.43045691287878,35.01377065753099,0.3114260283106632,8.894387050075675,P3,ramp2,2
FDI,15,112.4844637784091,41.0920526613562,0.365313139975546,8.890116611747994,P3,ramp2,3
FDI,15,118.684375,33.25887099751785,0.2802295668449857,8.425708944416652,P3,ramp2,4
FDI,15,94.84163515127388,35.21894988527288,0.3713448194888047,10.543892441383832,P3,ramp2,6
FDI,15,95.80960181451611,34.992384369988905,0.3652283665444396,10.437367247762529,P3,ramp2,7
FDI,15,106.85209644784172,34.7207148218141,0.3249418212282105,9.358730743183266,P3,ramp2,8
FDI,15,102.38011853448276,32.54658552374196,0.3178994710069603,9.767521412501482,P3,ramp2,9
FDI,15,101.25757334183672,32.74848580813464,0.3234176440075115,9.875804515125868,P3,ramp2,10
FDI,15,102.05479452054794,27.27869000683384,0.2672945463756873,9.798657718120804,P3,ramp2,11
FDI,15,114.2059795673077,44.053197789892366,0.3857345995086839,8.756108951463844,P3,ramp2,13
FDI,15,127.20474380630633,47.12199947821152,0.3704421554432264,7.861342038648277,P3,ramp2,14
FDI,15,137.37250434027777,58.46107548164361,0.4255660604165222,7.27947710353271,P3,ramp2,15
FDI,15,64.78371888528139,15.188841149788557,0.2344546038902901,15.43597708200102,P3,ramp3,0
FDI,15,74.63330078125,18.778330034683925,0.2516079261953475,13.398844611348457,P3,ramp3,1
FDI,15,85.92066271551724,25.56304272509217,0.297519152171012,11.638643934940232,P3,ramp3,2
FDI,15,80.22250924059139,19.75307730346477,0.2462286145179563,12.465329362871822,P3,ramp3,3
FDI,15,72.77391387195122,13.217013718135842,0.1816174644858559,13.741187560140604,P3,ramp3,4
FDI,15,66.95277466367713,18.028787948538955,0.2692761881655046,14.935900790120872,P3,ramp3,5
FDI,15,75.00687028894473,15.096580035152671,0.2012692967590431,13.332112060505349,P3,ramp3,6
FDI,15,93.37158203125,32.42472521697763,0.3472654582003932,10.709896718525298,P3,ramp3,7
FDI,15,69.8000328563084,16.57837941589596,0.2375124872795476,14.326640820622789,P3,ramp3,8
FDI,15,91.4787432898773,26.428270432300707,0.2889006722420197,10.931501286929642,P3,ramp3,11
FDI,15,107.02843974820144,31.678932941745504,0.2959861230928376,9.343311014835235,P3,ramp3,12
FDI,15,70.09288805751174,16.847848397952344,0.2403645913994663,14.266782661023932,P3,ramp3,13
FDI,15,78.27097039473684,18.98012245531739,0.2424924893558451,12.776128811956609,P3,ramp3,14
FDI,15,69.77493428738318,16.11746884512402,0.2309922468538735,14.331794221135109,P3,ramp3,15
FDI,15,73.96580430327869,15.783700815642767,0.2133918635012142,13.519761049305224,P3,ramp3,16
FDI,15,69.53807910839161,15.445117143606636,0.2221102069778452,14.380610060298942,P3,ramp4,0
FDI,15,73.41380399816177,16.298792676861055,0.2220126432526118,13.62141648490302,P3,ramp4,1
FDI,15,92.44249131944444,24.041505508889024,0.2600698571159355,10.817536240389693,P3,ramp4,2
FDI,15,89.95284346846847,21.443282704484663,0.2383836005362216,11.116935957122177,P3,ramp4,3
FDI,15,73.22854434742646,13.804013663791558,0.1885059137363104,13.65587707514145,P3,ramp4,4
FDI,15,69.23145214160839,16.256146535666606,0.2348086892994202,14.444301961983491,P3,ramp4,5
FDI,15,78.7442646329365,13.084294222255842,0.1661618694802446,12.699337591905431,P3,ramp4,6
FDI,15,95.8477313701923,23.324019798077288,0.243344515980175,10.433215118443488,P3,ramp4,7
FDI,15,69.83315911091549,17.60438908894419,0.2520921194612328,14.319844794815983,P3,ramp4,8
FDI,15,87.55876659292035,28.022253094870745,0.3200393768125156,11.42090094358245,P3,ramp4,9
FDI,15,63.33909733280255,14.23585962613416,0.2247562757538949,15.788036806803571,P3,ramp4,10
FDI,15,90.4989346590909,20.98938298458024,0.2319296140186307,11.049853832721848,P3,ramp4,11
FDI,15,116.6119025735294,30.24926889463617,0.2594012122867351,8.575453945359067,P3,ramp4,12
FDI,15,71.8551856884058,14.188756450471024,0.1974632215411622,13.916880047272013,P3,ramp4,13
FDI,15,79.12558903769842,16.813770964879904,0.2124947336173281,12.638136564437612,P3,ramp4,14
FDI,15,70.94935825892857,16.848533881292756,0.2374726748028403,14.094560184047266,P3,ramp4,15
FDI,15,75.93224158653847,15.373700752249563,0.2024660464518022,13.16963623232853,P3,ramp4,16
VL,15,125.29051198899371,9.703756936859476,0.0774500541406672,7.981450343884347,P1,ramp1,1
VL,15,121.00383479420732,13.75809857998348,0.1136996906204009,8.264200896613827,P1,ramp1,2
VL,15,118.44075520833331,13.43270416020483,0.1134128546932781,8.443039714167924,P1,ramp1,3
VL,15,160.94861534552845,26.481474537126488,0.1645337207796128,6.213163113290382,P1,ramp1,4
VL,15,92.48001453488372,7.216327725379983,0.0780312131401965,10.813147089448147,P1,ramp1,5
VL,15,85.43915973712447,7.054530886043781,0.0825678869940769,11.704234955923694,P1,ramp1,6
VL,15,118.37913876488096,21.46134289003161,0.1812932845596817,8.447434323594402,P1,ramp1,7
VL,30,119.94077620967748,14.537865397774834,0.1212086986360676,8.337448127330983,P1,ramp1,0
VL,30,90.83222179878054,7.128506393012155,0.0784799298293489,11.009309033696072,P1,ramp1,1
VL,30,113.90296994274809,11.203027498561486,0.0983558857525185,8.779402332552328,P1,ramp1,2
VL,30,94.53434038765818,7.817539962869,0.0826952399605425,10.578166578401955,P1,ramp1,3
VL,30,82.79134114583333,6.092707347097554,0.0735911178968041,12.078557807615942,P1,ramp1,4
VL,30,94.72718451433126,7.161380055519209,0.075600051793324,10.556631711657284,P1,ramp1,5
VL,30,79.91693968413979,8.171284974122184,0.1022472207571763,12.512991662998564,P1,ramp1,7
VL,30,81.19396772540983,5.371926612744991,0.0661616467729761,12.316185894276082,P1,ramp1,8
VL,30,97.21839256535952,8.628105627048821,0.0887497252255861,10.28611946373938,P1,ramp1,9
VL,30,70.97098214285714,6.242775695350916,0.0879623686591354,14.0902657650574,P1,ramp1,10
VL,30,82.10315075549447,8.786476359046206,0.1070175295125102,12.17980054112696,P1,ramp1,11
VL,30,111.79731555451129,14.655456506930138,0.1310895206583406,8.944758602118757,P1,ramp1,12
VL,30,111.40829057835826,10.969510387427912,0.0984622448695825,8.975992673513439,P1,ramp1,13
VL,5,113.78193709283389,12.197662925757616,0.1072021028768883,8.788741214557694,P1,ramp1,0
VL,5,102.107604623538,12.20042687865179,0.1194859768146918,9.793589847562426,P1,ramp1,1
VL,5,133.37374281609195,18.518348412182643,0.1388455330200746,7.497727655276889,P1,ramp1,2
VL,15,89.78910480595668,6.386518859367329,0.071127993459443,11.13720870879714,P1,ramp2,0
VL,15,119.57256610576924,10.010941571519416,0.0837227291974659,8.363122349615201,P1,ramp2,1
VL,15,119.54204852764424,15.175839441952697,0.1269498024240672,8.365257349331344,P1,ramp2,2
VL,15,116.965595657277,13.075937400218022,0.1117930219287051,8.549522570124964,P1,ramp2,3
VL,15,152.9200424382716,23.498559770468507,0.1536656634133099,6.539365174474525,P1,ramp2,4
VL,15,88.71809664145907,8.67065116626508,0.0977326103072997,11.271657506825813,P1,ramp2,5
VL,15,80.82703429383118,6.832315262936226,0.0845300749016554,12.37209813197762,P1,ramp2,6
VL,15,113.80895212155964,18.53312626361128,0.1628441868423145,8.786655015783797,P1,ramp2,7
VL,30,131.48799668874173,17.181708364278922,0.1306713068642413,7.605256944990945,P1,ramp2,0
VL,30,95.94231204710144,7.885106195350006,0.0821859097108159,10.42292997388957,P1,ramp2,1
VL,30,119.22892496257484,11.163872375996908,0.0936339263270315,8.387226508281389,P1,ramp2,2
VL,30,98.88351212686568,9.139303371468795,0.0924249470401419,10.112909407151909,P1,ramp2,3
VL,30,87.04967248908297,5.741313646957227,0.0659544543108677,11.487693995924126,P1,ramp2,4
VL,30,99.751953125,7.540802501186939,0.0755955373799798,10.024866367748126,P1,ramp2,5
VL,30,83.47803965336135,8.588260152411854,0.102880472374222,11.979198411372057,P1,ramp2,7
VL,30,85.53136735515021,5.696443850778998,0.0666006405243793,11.691617133252638,P1,ramp2,8
VL,30,102.53555689102564,8.660948420341223,0.084467756190626,9.75271437851355,P1,ramp2,9
VL,30,73.21274701286765,6.592110588503044,0.0900404759753712,13.658823644798408,P1,ramp2,10
VL,30,91.1917629851598,12.304059190846688,0.134925115910403,10.965902700693876,P1,ramp2,11
VL,30,119.06811377245508,15.03157316222916,0.1262434810293142,8.398554141128397,P1,ramp2,12
VL,30,126.74080141129032,15.512668629401835,0.1223968008460134,7.890118958257729,P1,ramp2,13
VL,5,109.09637451171876,9.632409147898969,0.0882926604207575,9.166207442508398,P1,ramp2,0
VL,5,100.61154764048992,12.95676451677588,0.1287800935442681,9.93921695323929,P1,ramp2,1
VL,5,128.29544799354244,15.8099869403592,0.123231082533458,7.794508812583387,P1,ramp2,2
VL,15,121.3874728523166,16.65126915570759,0.1371745268637892,8.238082369641456,P2,ramp1,0
VL,15,138.0770210597826,20.424927666542693,0.1479241622521636,7.242334693526117,P2,ramp1,1
VL,15,116.71707381063432,16.261618771706743,0.1393251067799226,8.567726788819547,P2,ramp1,2
VL,15,122.14033733042636,18.676280745864137,0.1529083769871961,8.187303407347722,P2,ramp1,3
VL,15,127.64465828252033,18.992389508936142,0.148791103086348,7.834248714009367,P2,ramp1,4
VL,15,126.73581089426878,16.116247488848945,0.1271641170331419,7.890429650024213,P2,ramp1,5
VL,15,146.63427734375,16.40814528844874,0.1118984291100208,6.819687852764004,P2,ramp1,6
VL,15,123.01781063988096,19.44774530148508,0.1580888588435042,8.128904219628595,P2,ramp1,7
VL,15,127.82286352040816,30.55783707266542,0.2390639376326173,7.823326535321596,P2,ramp1,8
VL,15,116.67918669871794,16.865146678256725,0.1445428885427947,8.570508831040625,P2,ramp1,9
VL,15,154.87380537014562,35.295066785497944,0.2278956515670507,6.456869821271699,P2,ramp1,10
VL,15,144.6843592964824,27.150801303349027,0.1876553999020205,6.911597112932109,P2,ramp1,11
VL,15,166.80908203125,29.72100858567448,0.1781738033910321,5.994877424076109,P2,ramp1,12
VL,30,152.35542629076087,17.01754688139137,0.1116963622215492,6.563599501153062,P2,ramp1,0
VL,30,181.6335484601449,18.11026973817468,0.0997077351167234,5.505590836482643,P2,ramp1,1
VL,30,173.73581977739727,21.776090108438236,0.1253402443798827,5.7558654357015815,P2,ramp1,2
VL,30,148.05196126302084,12.324344758350932,0.083243373834516,6.754385362200344,P2,ramp1,3
VL,30,108.72085813492065,7.553704509645675,0.0694779699059371,9.19786706207762,P2,ramp1,4
VL,30,110.9027284564394,6.538646198067509,0.0589583889330168,9.016910710116408,P2,ramp1,5
VL,30,128.67550470132744,8.77701250653978,0.0682104377745583,7.771486906704813,P2,ramp1,6
VL,30,139.81407015931373,15.359082187409156,0.1098536232434115,7.15235597433457,P2,ramp1,7
VL,30,154.7783430232558,13.471872774508748,0.0870397790244114,6.46085221270102,P2,ramp1,8
VL,30,151.58797554347825,20.01667474912268,0.1320465866593853,6.596829309282395,P2,ramp1,9
VL,30,129.0955660635965,14.11657320251146,0.1093497912667054,7.746199428006451,P2,ramp1,10
VL,30,201.62876674107144,26.0211344575279,0.1290546724959333,4.959609762847902,P2,ramp1,11
VL,30,170.7255595439189,21.97271598698892,0.1287019708454167,5.857353770996145,P2,ramp1,12
VL,30,108.29724298007248,6.089828796553136,0.0562325376803333,9.233845409933542,P2,ramp1,13
VL,30,108.79552504595588,6.127961198595137,0.0563254894537863,9.191554520074185,P2,ramp1,14
VL,30,116.53158833661418,6.4942006198301,0.0557291006887411,8.58136419724574,P2,ramp1,15
VL,30,99.00520833333331,8.2527191189155,0.0833564138477445,10.100478720606024,P2,ramp1,16
VL,30,134.99778891509433,12.647829678213569,0.0936891617252213,7.407528730925667,P2,ramp1,17
VL,30,143.29292847938143,13.595034852029931,0.0948758253202016,6.97871144523291,P2,ramp1,18
VL,30,117.32355101495726,8.738197270770135,0.0744794816997665,8.523437889060425,P2,ramp1,19
VL,30,165.2838372564935,15.143395898491166,0.0916205489287563,6.050198353322129,P2,ramp1,20
VL,5,135.44237901264592,7.954791173902842,0.0587319215144627,7.383213491152812,P2,ramp1,0
VL,5,146.19509913340335,12.287998978934356,0.084052058186448,6.840174574439718,P2,ramp1,1
VL,5,163.94738828502415,16.32802767359111,0.0995930941284936,6.099517720047423,P2,ramp1,2
VL,5,130.6241953417603,6.720872026306488,0.051451968823404,7.655549551012637,P2,ramp1,3
VL,5,125.27721774193547,6.466067871100084,0.0516140762674011,7.982297324481994,P2,ramp1,4
VL,5,157.4289132882883,12.8111806923802,0.0813775590823015,6.352073320666145,P2,ramp1,5
VL,5,154.00304203539824,16.470934692735977,0.1069520087073998,6.4933782267115605,P2,ramp1,6
VL,5,131.6634728773585,9.128199382521368,0.069329778282729,7.595120940881432,P2,ramp1,7
VL,5,145.15730355290455,11.096059947249335,0.0764416235053941,6.889078093377066,P2,ramp1,8
VL,5,153.688467920354,12.033518630030777,0.078298123423723,6.5066690658809225,P2,ramp1,9
VL,5,148.04438164893617,14.549035968833287,0.098274826824121,6.754731174948212,P2,ramp1,10
VL,15,133.83584393712576,9.221746793529586,0.0689034157236818,7.471839909118714,P3,ramp1,0
VL,15,130.82796509502924,10.227582714959617,0.0781758143798279,7.643625728441408,P3,ramp1,1
VL,15,106.82986318779903,6.410282831637307,0.060004596471012,9.36067846723789,P3,ramp1,2
VL,15,82.85646333025831,5.1427727218770976,0.0620684556783274,12.069064497890665,P3,ramp1,3
VL,15,70.150146484375,6.026401819160317,0.085907187955803,14.255137731219657,P3,ramp1,4
VL,15,125.7126711727528,15.831563147528,0.1259345060433284,7.954647615639417,P3,ramp1,5
VL,15,98.6075106534091,6.117787900039042,0.0620418045187467,10.141215343269876,P3,ramp1,6
VL,15,86.65066297310757,10.912333260271202,0.1259347924857527,11.540592601240164,P3,ramp1,7
VL,15,110.0005948604061,8.571837485557054,0.0779253739167043,9.09085992915792,P3,ramp1,8
VL,15,136.4884286556604,14.96977163753308,0.1096779542777179,7.326628417144784,P3,ramp1,9
VL,30,95.7744891826923,7.843832786578511,0.0818989780422237,10.441193772304796,P3,ramp1,0
VL,30,100.03543976814515,10.972465492363392,0.1096857825366147,9.996457278717694,P3,ramp1,1
VL,30,92.63715601679104,7.814776038001291,0.0843589805000578,10.794804622658576,P3,ramp1,2
VL,30,104.56667108050848,8.366432752797932,0.08001051067559,9.563276612584092,P3,ramp1,3
VL,30,94.8644739980916,6.131870676799742,0.0646382193287984,10.54135397430357,P3,ramp1,4
VL,30,78.31417059748428,5.855053925853664,0.0747636587501796,12.769081155692188,P3,ramp1,5
VL,30,90.1844776459854,8.452876395948119,0.0937287282311425,11.088382680725273,P3,ramp1,6
VL,30,153.135986328125,23.54360518050857,0.1537431256038121,6.53014372374431,P3,ramp1,7
VL,30,109.87112862723214,8.743038067769687,0.0795753914336571,9.101572109928656,P3,ramp1,8
VL,30,141.7194234913793,15.716414052361042,0.1108980947365839,7.056195794225971,P3,ramp1,9
VL,30,109.87112862723214,8.751455634097681,0.0796520045205814,9.101572109928656,P3,ramp1,10
VL,30,76.3641919095092,10.348794994330497,0.135518948548473,13.095142828002292,P3,ramp1,11
VL,30,140.50514914772728,17.431928961648,0.1240661218993479,7.117176886866961,P3,ramp1,12
VL,30,96.38671875,7.467570926060075,0.0774751026168745,10.374873353596756,P3,ramp1,13
VL,30,89.93999094202898,6.5451758357057965,0.0727726984087034,11.118524579845158,P3,ramp1,14
VL,5,97.75773013930724,10.671193684843232,0.1091595894221,10.229370082294,P3,ramp1,0
VL,5,120.06273234200744,14.59552052474167,0.1215657868185547,8.328979196903724,P3,ramp1,1
VL,5,89.04398823832418,5.369691994042129,0.0603038127590407,11.230404430263423,P3,ramp1,2
VM,15,80.52939138104838,5.791213442909522,0.07191428301633,12.417826371842388,P1,ramp1,0
VM,15,93.6133729460094,6.476251638643328,0.0691808385365886,10.682234477084169,P1,ramp1,1
VM,15,80.87123608299595,8.527502607080587,0.1054454342496885,12.365335914659784,P1,ramp1,2
VM,15,86.23215976731602,7.322763472768491,0.08491917044091,11.596601577628848,P1,ramp1,3
VM,15,77.50182392996109,6.669706255526388,0.0860587005223754,12.902922141596386,P1,ramp1,4
VM,15,85.15207665598291,7.473692077343186,0.08776875880006,11.74369480194866,P1,ramp1,5
VM,15,74.17445980483271,8.551573381380797,0.1152899987931376,13.48172946093834,P1,ramp1,6
VM,15,117.6936945266272,19.72650108145757,0.1676088184740824,8.49663190557552,P1,ramp1,7
VM,15,112.33337747175142,12.68494236771679,0.1129222912478233,8.902073653500455,P1,ramp1,8
VM,15,76.50015024038461,21.525282110717445,0.2813756841402149,13.071869752643924,P1,ramp1,10
VM,15,98.3132541769802,18.20251645597814,0.1851481431304327,10.171568506926173,P1,ramp1,11
VM,30,109.87444196428572,10.91839533210432,0.0993715657336699,9.10129764595343,P1,ramp1,0
VM,30,101.61858974358978,13.19217395376816,0.1298204785862061,9.840719129474843,P1,ramp1,1
VM,30,92.93619791666669,12.308723868179449,0.1324427310789746,10.760070052539405,P1,ramp1,2
VM,30,67.06649831649831,7.264732447775732,0.1083213322617831,14.91057420771886,P1,ramp1,3
VM,30,73.02290808150182,6.629836236166965,0.0907911833471123,13.694332727531023,P1,ramp1,4
VM,30,94.26836492890992,12.097088561590136,0.1283260675064519,10.608012568735274,P1,ramp1,5
VM,30,91.1155210722477,8.788974707245597,0.0964596876999321,10.975078540209145,P1,ramp1,6
VM,30,81.16350446428571,6.786671122814148,0.0836172756167826,12.320808553061298,P1,ramp1,7
VM,30,63.77923427483972,7.36928650058107,0.1155436653382366,15.679084444488076,P1,ramp1,8
VM,5,91.9822410300926,7.051476879664198,0.0766612859253696,10.871663799459322,P1,ramp1,0
VM,15,80.59526821862349,5.000058868112888,0.0620391119556756,12.40767630783721,P1,ramp2,0
VM,15,93.8987875884434,5.555986497591595,0.0591699492643438,10.649764769945495,P1,ramp2,1
VM,15,80.49670803931451,7.860647675530226,0.0976517905762195,12.4228682682477,P1,ramp2,2
VM,15,88.07729535398231,6.315957275953227,0.0717092554962027,11.353663801562064,P1,ramp2,3
VM,15,79.33967255976096,7.053880121114701,0.0889073510582175,12.604034876080071,P1,ramp2,4
VM,15,85.01644297542735,7.029187267934969,0.0826803265571419,11.76243047817272,P1,ramp2,5
VM,15,75.050663768797,8.043971993638687,0.1071805576352949,13.324332521303548,P1,ramp2,6
VM,15,115.5787417763158,20.33716784797215,0.1759594155068022,8.652110108062436,P1,ramp2,7
VM,15,113.83258928571428,11.823477728397648,0.1038672475306811,8.784830480224326,P1,ramp2,8
VM,30,123.42415566770188,18.53250722783876,0.1501529998530783,8.102141712780492,P1,ramp2,0
VM,30,109.89349533839778,12.236311831699709,0.1113470073366956,9.099719659663885,P1,ramp2,1
VM,30,103.3370102007772,18.037665740136596,0.1745518445433108,9.677075019463636,P1,ramp2,2
VM,30,73.29640107996323,7.087036823756098,0.0966901064627231,13.64323466453753,P1,ramp2,3
VM,30,78.57043601778656,7.914050395089437,0.1007255501712867,12.727433506587936,P1,ramp2,4
VM,30,104.17416557591623,12.159360927700366,0.1167214621828606,9.599308950271904,P1,ramp2,5
VM,30,97.64763327205884,12.90791792301439,0.1321887432443065,10.240903609141986,P1,ramp2,6
VM,30,87.05095182860262,7.168999668750399,0.0823540641217303,11.487525167661948,P1,ramp2,7
VM,30,68.05507412542661,9.31374391331682,0.1368559807333607,14.69398149735292,P1,ramp2,8
VM,15,118.53866980820106,4.7882714760756935,0.0403941724993477,8.436065645228076,P2,ramp1,0
VM,15,112.3979271356784,5.59249663332587,0.0497562257226952,8.89696122947957,P2,ramp1,1
VM,15,124.08494475138122,5.619663480511492,0.0452888421860617,8.058995408376232,P2,ramp1,2
VM,15,142.65898686305732,12.673649667192745,0.0888387752210701,7.009723130586438,P2,ramp1,3
VM,15,162.26081295289856,11.59235719309261,0.0714427407463912,6.162917477125436,P2,ramp1,4
VM,15,153.75942887931035,11.48604379662736,0.0747013947719788,6.503666196529157,P2,ramp1,5
VM,15,190.07961467161016,35.47222061443708,0.1866177005657363,5.26095342589811,P2,ramp1,6
VM,15,156.76922865316902,12.252805741716289,0.078158231988396,6.378802833892652,P2,ramp1,7
VM,15,123.35872755524862,5.418647169511849,0.043925932740227,8.106438999641355,P2,ramp1,8
VM,15,112.82601404671718,6.122051400194307,0.0542609915977301,8.863204186101408,P2,ramp1,9
VM,15,107.3444073016827,11.138935769394514,0.1037681985433059,9.31580904061058,P2,ramp1,10
VM,15,142.22108877388536,8.447433618826178,0.0593964909961882,7.031306036405623,P2,ramp1,11
VM,15,132.37449149408283,8.404478730340394,0.0634901681999365,7.554325525357734,P2,ramp1,12
VM,15,161.46894814311594,24.08190741138617,0.1491426536701129,6.1931412293196,P2,ramp1,13
VM,30,108.64079607664232,10.57935116726338,0.0973791756809294,9.204645364477395,P2,ramp1,0
VM,30,101.08949829931971,6.253914855174229,0.0618651290231629,9.892224383576051,P2,ramp1,1
VM,30,130.9998629385965,7.156313512506783,0.0546284045797907,7.633595773063743,P2,ramp1,2
VM,30,109.61196001838236,6.223865629042,0.0567808989821752,9.123092040615784,P2,ramp1,3
VM,30,132.85871233258928,13.135479146903329,0.098868029926565,7.526792804499483,P2,ramp1,4
VM,30,125.33103813559322,9.480290254879904,0.0756419989486033,7.978869519281564,P2,ramp1,5
VM,30,136.75853587962962,11.639635693326404,0.0851108533625369,7.31215783766629,P2,ramp1,6
VM,30,137.8741968457944,9.312832502934,0.0675458694664234,7.252988759879788,P2,ramp1,7
VM,30,161.25594429347825,20.45886909253467,0.1268720305609354,6.201321783090656,P2,ramp1,8
VM,30,189.96519431089743,18.87642770971172,0.0993678225013078,5.264122217901654,P2,ramp1,9
VM,30,169.6356411637931,33.11009697600308,0.1951836108782902,5.894987593052113,P2,ramp1,10
VM,30,199.96436866554052,25.767015044813427,0.1288580321422723,5.000890942088767,P2,ramp1,11
VM,30,136.08980791284404,7.330851924872308,0.0538677512835289,7.3480888490961025,P2,ramp1,12
VM,30,131.0007195723684,6.7561629489207045,0.051573479679922,7.6335458558116756,P2,ramp1,13
VM,30,165.82470154494382,22.759458557817545,0.1372501101812566,6.0304646453952335,P2,ramp1,14
VM,30,176.1625744047619,26.74539376107557,0.1518222235991154,5.676574626471677,P2,ramp1,15
VM,30,117.61042076771652,8.375090973105108,0.0712104498771084,8.502647924158222,P2,ramp1,16
VM,30,103.97863854895104,6.793854222706088,0.0653389418972597,9.617360007355934,P2,ramp1,17
VM,30,121.69729764344262,6.089771992682563,0.0500403222635625,8.217109330807586,P2,ramp1,18
VM,30,135.634765625,6.913949495615085,0.0509747590431985,7.372741018071857,P2,ramp1,19
VM,30,137.7269603587963,10.88918307330188,0.0790635547675935,7.2607425401306545,P2,ramp1,20
VM,30,134.36004363738738,8.130632043202313,0.0605137645321504,7.442688859932296,P2,ramp1,21
VM,30,147.1747370049505,9.8495830140296,0.0669244138937941,6.794644382251307,P2,ramp1,22
VM,30,222.5527635261194,31.305778340789605,0.1406667697348789,4.493316479903596,P2,ramp1,23
VM,30,165.59756846910113,23.59689777082152,0.1424954363096488,6.03873601070773,P2,ramp1,24
VM,30,177.84379706325302,36.55258899278248,0.2055319870379395,5.622911883985103,P2,ramp1,25
VM,5,120.7632731401384,8.976901658179216,0.0743346998202182,8.280663267875829,P2,ramp1,0
VM,5,123.90180160142349,8.748523153388371,0.070608522558302,8.07090766296421,P2,ramp1,1
VM,5,131.6446786556604,7.182590741514441,0.0545604335462868,7.596205256542685,P2,ramp1,2
VM,5,127.37867814781022,9.819948474824326,0.0770925606829524,7.850607452839163,P2,ramp1,3
VM,5,106.98107798165138,7.611635354142056,0.0711493611556947,9.347447407208897,P2,ramp1,4
VM,5,114.14158555327867,8.950376399843448,0.0784146843278746,8.761048789997954,P2,ramp1,5
VM,5,119.40884524828768,12.842805510486167,0.1075532175508609,8.37458898392906,P2,ramp1,6
VM,5,156.65382179054055,11.201738288167856,0.0715063198595022,6.383502097619328,P2,ramp1,7
VM,5,160.18910210253455,12.53022397460118,0.0782214508361547,6.242621919185961,P2,ramp1,8
VM,5,128.22164948453607,10.168007433500568,0.0793002388783562,7.798994974874373,P2,ramp2,0
VM,5,132.57802055481284,10.402264850207809,0.0784614584429333,7.542728393554209,P2,ramp2,1
VM,5,136.7911873282967,8.508865177407387,0.0622033139970212,7.31041245807755,P2,ramp2,2
VM,5,136.65543440934067,12.29946550043506,0.0900034861664774,7.317674590273362,P2,ramp2,3
VM,5,113.1680575284091,7.262566430521176,0.0641750560108184,8.836415697503382,P2,ramp2,4
VM,5,120.21294751213586,10.324418476269177,0.0858844133675941,8.318571507441385,P2,ramp2,5
VM,5,127.82902644230762,14.85761273997676,0.1162303520060239,7.822949355335385,P2,ramp2,6
VM,5,171.18404858732876,15.151747899022064,0.0885114473226894,5.84166578750972,P2,ramp2,7
VM,5,165.412109375,13.671350988803937,0.082650242720804,6.045506606369038,P2,ramp2,8
VM,15,120.60914398521506,10.767190881064616,0.0892734209471258,8.291245314887448,P3,ramp1,0
VM,15,110.82485689975248,8.415893766976495,0.0759386838152126,9.023246480747169,P3,ramp1,1
VM,15,93.81688222163864,7.527137958551145,0.0802322330512815,10.659062381091925,P3,ramp1,2
VM,15,104.78196188668224,5.663946973817976,0.0540545993970157,9.54362737626026,P3,ramp1,3
VM,15,81.93395015967154,5.574514819620034,0.0680366906362565,12.204952868148265,P3,ramp1,4
VM,15,93.84683904288704,5.615107649737683,0.0598326774455518,10.65565990499702,P3,ramp1,5
VM,15,106.00423948459716,7.403136012621272,0.0698381125945154,9.433584966621112,P3,ramp1,6
VM,15,59.22039907651715,3.944192138218975,0.066601917577806,16.886073305718963,P3,ramp1,7
VM,15,98.9288060011062,7.832788281208894,0.0791760114957953,10.108279281050034,P3,ramp1,8
VM,15,91.91774462090164,4.981749917148396,0.0541979129023969,10.879292177199538,P3,ramp1,9
VM,15,100.49047085201794,7.354487963487246,0.0731859240098242,9.951192302328826,P3,ramp1,10
VM,15,105.25034636699507,11.067569424981384,0.1051547078656646,9.501156381121278,P3,ramp1,11
VM,15,69.88354264018692,4.371919030955833,0.0625600658722435,14.309520700013056,P3,ramp1,12
VM,15,102.47663384703196,7.790435998428523,0.0760215837110477,9.758322092163096,P3,ramp1,13
VM,30,104.8588122351695,9.802430778361067,0.0934821839901915,9.536632913190688,P3,ramp1,0
VM,30,97.3609744094488,7.3769130464640815,0.0757686854636508,10.271055790737352,P3,ramp1,1
VM,30,151.94227430555554,27.70791524318282,0.1823581710213332,6.581446832821537,P3,ramp1,2
VM,30,138.90229985955057,16.41731877794279,0.1181932825773437,7.199304842404614,P3,ramp1,3
VM,30,85.0713024400685,6.039180204090051,0.0709896290625686,11.754845304084608,P3,ramp1,4
VM,30,92.85141674440298,8.896656169054282,0.0958160519353687,10.769894903733707,P3,ramp1,5
VM,30,84.50919430272108,5.83716192592618,0.0690713238256281,11.833031994340066,P3,ramp1,6
VM,30,92.8769239738806,7.055660047650166,0.0759678480483957,10.766937116492215,P3,ramp1,7
VM,30,76.7578125,6.105668535283306,0.0795445875334619,13.027989821882962,P3,ramp1,8
VM,30,118.24404761904762,15.273868936406515,0.1291724128525695,8.45708532595017,P3,ramp1,9
VM,30,96.33145591085272,8.555203121455735,0.0888100677038755,10.380825147347748,P3,ramp1,10
VM,30,91.05197878649636,8.522785199028625,0.0936035143070675,10.982737699142756,P3,ramp1,11
VM,5,88.55120933219177,9.453610531852606,0.1067586835137197,11.292900543555438,P3,ramp1,0
VM,5,107.7724609375,10.001183777851786,0.0927990665783509,9.278808253064996,P3,ramp1,1
VM,5,84.66057441253264,4.921640867004546,0.0581337996010097,11.811873554356206,P3,ramp1,2